name,price,category
piept de pui,"29,99 lei",carne
lapte de consum integral,"5,79 lei",lactate
lapte de consum semidegresat,"4,69 lei",lactate
lapte,"5,99 lei",lactate
unt,"9,99 lei",lactate
telemea de vaca,"16,90 lei",lactate
smantana,"13,79 lei",lactate
telemea de vaca maturata in saramura,"29,99 lei",lactate
telemea de vaca natur,"11,30 lei",lactate
iaurt mic dejun,"4,95 lei",lactate
chefir,"5,79 lei",lactate
telemea de vaca in saramura,"22,90 lei",lactate
cascaval felii,"6,39 lei",lactate
sana,"5,79 lei",lactate
branza cremoasa de vaca,"12,79 lei",lactate
telemea de capra,"19,50 lei",lactate
branza,"4,29 lei",lactate
branza extra cremoasa de vaca in saramura,"27,20 lei",lactate
cascaval clasic,"15,59 lei",lactate
iaurt cu specific grecesc,"13,29 lei",lactate
telemea de oaie,"19,90 lei",lactate
telemea de vaca light,"9,45 lei",lactate
telemea de vaca proaspata de,"14,00 lei",lactate
unt de masa,"8,69 lei",lactate
iaurt cu specific grecesc  grasime,"2,49 lei",lactate
branza de vaci dietetica,"5,29 lei",lactate
desert,"2,45 lei",lactate
iaurt cu piure de capsuni si banane,"3,45 lei",lactate
branza de burduf,"10,79 lei",lactate
cascaval feliat,"11,99 lei",lactate
branza topita cu smantana,"3,49 lei",lactate
branza telemea de vaca,"6,99 lei",lactate
iaurt natur,"1,65 lei",lactate
iaurt de baut,"9,45 lei",lactate
urda de vaca,"10,29 lei",lactate
cascaval feliat de vaca,"12,29 lei",lactate
iaurt cu piure de capsuni,"3,25 lei",lactate
cascaval afumat,"8,59 lei",lactate
telemea de vaca cu verdeata,"9,45 lei",lactate
cascaval rucar,"25,99 lei",lactate
iaurt de baut  grasime,"2,79 lei",lactate
cascaval de capra si vaca,"18,79 lei",lactate
crema de branza cu smantana,"12,94 lei",lactate
telemea de capra in saramura,"30,29 lei",lactate
telemea de oaie in saramura,"29,29 lei",lactate
cascaval de oaie si vaca,"19,99 lei",lactate
budinca,"3,90 lei",lactate
branza afumata harlau,"14,59 lei",lactate
telemea de vaca maturata,"20,60 lei",lactate
lapte de consum semidegresat zuzu,"5,35 lei",lactate
smantana de consum,"11,90 lei",lactate
lapte de vaca integral,"11,90 lei",lactate
iaurt grecesc,"3,25 lei",lactate
lapte de consum integral zuzu,"15,20 lei",lactate
crema de branza,"6,79 lei",lactate
iaurt,"13,25 lei",lactate
amestec tartinabil sarat,"17,90 lei",lactate
lapte de consum semidegresat ladorna,"6,55 lei",lactate
kefir,"12,45 lei",lactate
branza de vaca,"4,29 lei",lactate
piept de pui cu os,"22,19 lei",carne
inner de pui,"16,19 lei",carne
carne tocata de vita,"21,99 lei",carne
file de pui inner,"34,49 lei",carne
piept de pui dezosat feliat fara piele,"33,29 lei",carne
pulpe inferioare de pui,"11,49 lei",carne
carne tocata de porc,"16,99 lei",carne
cotlet de porc fara os,"24,49 lei",carne
ceafa de porc fara os,"25,52 lei",carne
mici de porc,"22,90 lei",carne
pulpa de pui superioara cu os family,"29,99 lei",carne
pulpa de pui dezosata fara piele,"40,59 lei",carne
mici de porcvita cu usturoi,"30,90 lei",carne
carnati de porc grill,"16,99 lei",carne
scaricica marinata,"39,99 lei",carne
mici de porc si vita,"14,45 lei",carne
piept de pui feliat si dezosat,"32,90 lei",carne
mici,"18,90 lei",carne
pulpe intregi cu spate,"12,10 lei",carne
pastrama de oaie afumata,"16,99 lei",carne
pulpe superioare de pui dezosate,"25,90 lei",carne
pulpe de pui inferioare condimentate,"18,79 lei",carne
piept de porc cu os,"38,39 lei",carne
pulpe superioare de pui dezosate condimentate,"28,90 lei",carne
aripi de pui condimentate,"22,90 lei",carne
hamburger din carne de vita ecologica,"75,99 lei",carne
carnati proaspeti cu ceapa,"31,90 lei",carne
mici din carne de vita ecologica,"69,99 lei",carne
scaricica de porc picanta,"35,50 lei",carne
scaricica de porc marinata,"56,85 lei",carne
carne tocata de pui,"10,19 lei",carne
piept de pui dezosat fara piele,"34,39 lei",carne
pulpa de porc fara os,"25,99 lei",carne
carne tocata de porc si vita,"14,99 lei",carne
pulpe de pui inferioare,"29,99 lei",carne
ficat de pui,"14,83 lei",carne
piept de pui dezosat,"35,49 lei",carne
carne de porc lucru,"16,99 lei",carne
spata de porc fara os,"17,90 lei",carne
pulpe de pui intregi,"17,49 lei",carne
pui grill,"35,18 lei",carne
oase cu maduva de manzat,"8,24 lei",carne
pulpe superioare de pui,"19,19 lei",carne
carne tocata,"24,99 lei",carne
file din piept de curcan,"58,39 lei",carne
pui familist,"40,78 lei",carne
pulpa inferioara de curcan,"27,59 lei",carne
piept de curcan fara piele si oase,"57,99 lei",carne
ceafa de porc afumata,"23,48 lei",carne
pulpe de pui cu os,"29,99 lei",carne
pulpa de pui cu spate,"14,69 lei",carne
spate de pui cu aripi,"14,86 lei",carne
pulpa de manzat fara os,"30,24 lei",carne
rasol de porc cu os,"19,99 lei",carne
kaiser de porc afumat,"23,98 lei",carne
muschiulet de porc,"29,90 lei",carne
pui,"21,45 lei",carne
pulpe de pui dezosate cu piele,"39,89 lei",carne
carne tocata pulpa curcan,"31,19 lei",carne
pulpe de pui superioare dezosate,"34,83 lei",carne
aripi de curcan,"22,07 lei",carne
carnati de porc,"17,48 lei",carne
pulpa superioara de curcan dezosata,"68,76 lei",carne
fine,"16,90 lei",carne
fleica de porc,"29,99 lei",carne
burta de vita fideluta,"18,99 lei",carne
snitel de pui,"35,99 lei",carne
cocosel de padure,"39,99 lei",carne
carne de,"16,90 lei",carne
aripi sectionate family,"35,98 lei",carne
carne manzat,"24,19 lei",carne
carnati proaspeti rustici,"32,90 lei",carne
carne tocata de manzat,"37,99 lei",carne
vrabioara de manzat,"34,09 lei",carne
muschi file de porc afumat,"22,48 lei",carne
cubulete de porc,"17,99 lei",carne
pulpa de manzat,"54,99 lei",carne
sorici de porc fideluta,"11,99 lei",carne
pulpa superioara de curcan,"53,16 lei",carne
aripi de pui,"21,62 lei",carne
drob de porc,"19,99 lei",carne
snitel de porc,"17,97 lei",carne
carne tocata de vita ecologica,"67,99 lei",carne
vrabioara de manzat fara os vrac,"55,99 lei",carne
rata grill,"38,38 lei",carne
antricot de manzat fara os,"34,09 lei",carne
gaturi de pui fara piele,"8,28 lei",carne
urechi de porc,"23,30 lei",carne
carne de hamburger,"15,99 lei",carne
ciocanele,"31,49 lei",carne
jumatate de pui,"39,99 lei",carne
parizer cu carne de porc,"7,79 lei",mezeluri
salam sandwich,"4,75 lei",mezeluri
muschi file,"8,35 lei",mezeluri
sunca praga,"7,99 lei",mezeluri
gusa afumata,"14,66 lei",mezeluri
salam,"5,99 lei",mezeluri
muschi tiganesc,"7,45 lei",mezeluri
sunca,"11,60 lei",mezeluri
salam de,"9,99 lei",mezeluri
bacon micdejun,"11,10 lei",mezeluri
salam sarbesc,"4,99 lei",mezeluri
sunca de curcan feliata,"9,15 lei",mezeluri
sunca feliata din pulpa de porc,"11,50 lei",mezeluri
jambon de curcan,"9,99 lei",mezeluri
ciolan afumat fara os,"13,95 lei",mezeluri
bacon,"9,50 lei",mezeluri
muschi file afumat si feliat,"6,49 lei",mezeluri
martinel,"6,95 lei",mezeluri
bacon afumat feliat,"6,49 lei",mezeluri
kaiser afumat,"25,29 lei",mezeluri
carnati,"10,99 lei",mezeluri
salam banatean feliat,"8,25 lei",mezeluri
sunca din piept de pui,"9,85 lei",mezeluri
sunca taraneasca,"16,00 lei",mezeluri
sunca de curcan,"7,70 lei",mezeluri
parizer cu piept de pui,"9,99 lei",mezeluri
crenvursti din piept de pui,"11,59 lei",mezeluri
salam mangalita,"14,80 lei",mezeluri
bacon cubulete,"15,99 lei",mezeluri
muschi tiganesc feliat,"7,90 lei",mezeluri
bacon crud,"10,50 lei",mezeluri
salam de vara,"13,59 lei",mezeluri
salam banatean,"9,45 lei",mezeluri
bacon feliat,"14,80 lei",mezeluri
oase garf afumate,"22,06 lei",mezeluri
crenvursti de porc,"10,99 lei",mezeluri
cabanos extra,"19,90 lei",mezeluri
salam de curcan,"10,90 lei",mezeluri
cotlet haiducesc felii,"25,99 lei",mezeluri
sunca din piept de curcan,"8,65 lei",mezeluri
muschi,"5,29 lei",mezeluri
salam rustic,"4,80 lei",mezeluri
muschi file cu mirodenii,"8,85 lei",mezeluri
sunca fina de praga,"13,30 lei",mezeluri
carnati oltenesti,"11,29 lei",mezeluri
jambon feliat,"13,49 lei",mezeluri
sunca de pui feliata,"7,45 lei",mezeluri
prosciutto crudo,"15,99 lei",mezeluri
salam de vara feliat,"4,99 lei",mezeluri
cotlet haiducesc,"7,35 lei",mezeluri
mortadella de pasare,"6,95 lei",mezeluri
slaninuta boiereasca,"22,50 lei",mezeluri
carnati picanti,"7,49 lei",mezeluri
bacon cruduscat,"8,59 lei",mezeluri
salam toscan feliat,"8,05 lei",mezeluri
muschi file afumat feliat,"7,85 lei",mezeluri
salam uscat feliat,"5,99 lei",mezeluri
salam de curcan cu masline feliat,"6,70 lei",mezeluri
ceafa presata feliata,"7,35 lei",mezeluri
salam feliat,"11,30 lei",mezeluri
jambon feliat din piept de curcan,"18,90 lei",mezeluri
salam de iarna,"8,95 lei",mezeluri
pastrama afumata feliata,"5,89 lei",mezeluri
aperitiv italian,"18,50 lei",mezeluri
piept de pui afumat,"8,05 lei",mezeluri
salam sandvis feliat,"4,75 lei",mezeluri
salam cu sunca,"15,49 lei",mezeluri
salam trapez cu invelis de mirodenii,"8,20 lei",mezeluri
salam de caprioara feliat,"11,49 lei",mezeluri
salam cu sunca feliat,"5,49 lei",mezeluri
ciolan afumat cu os,"24,99 lei",mezeluri
toba,"22,50 lei",mezeluri
bacon afumat,"22,60 lei",mezeluri
jambon,"22,99 lei",mezeluri
muschi fiert afumat feliat,"5,89 lei",mezeluri
carnati afumati picanti,"15,99 lei",mezeluri
felii de sunci,"20,60 lei",mezeluri
muschi crud uscat,"13,40 lei",mezeluri
salam din carne de porc si vita,"14,89 lei",mezeluri
prosciutto crudo busuioc,"27,30 lei",mezeluri
salam trapez cu invelis de piper negru,"8,20 lei",mezeluri
jambon de porc felii,"12,99 lei",mezeluri
salam de vara uscat si feliat,"5,99 lei",mezeluri
jambon serrano feliat,"17,80 lei",mezeluri
piept de pui feliat,"9,70 lei",mezeluri
sunca feliata,"26,60 lei",mezeluri
pancetta afumata feliata,"10,60 lei",mezeluri
sunca cu ceafa de porc,"6,99 lei",mezeluri
sunca de pui,"6,50 lei",mezeluri
cotlet de porc felii,"13,49 lei",mezeluri
salata icre de crap cu ceapa,"3,60 lei",pescarie
macrou afumat,"6,50 lei",pescarie
file de somon afumat,"16,90 lei",pescarie
biban de mare,"38,90 lei",pescarie
merluciu,"33,00 lei",pescarie
pastrav file,"44,70 lei",pescarie
somon de,"29,90 lei",pescarie
file de macrou afumat,"11,90 lei",pescarie
salata icre de crap,"8,90 lei",pescarie
icre de somon,"33,90 lei",pescarie
salata icre de hering cu ceapa,"4,90 lei",pescarie
creveti fara codita congelati,"28,90 lei",pescarie
salata icre de stiuca,"16,90 lei",pescarie
salata icre de hering cu somon,"6,90 lei",pescarie
file de ton rosu,"32,80 lei",pescarie
merluciu trunchi congelat,"29,00 lei",pescarie
hering marinat,"19,90 lei",pescarie
pastrav afumat,"19,90 lei",pescarie
macrou congelat eviscerat,"40,04 lei",pescarie
inele de calamar congelate,"22,90 lei",pescarie
creveti,"25,90 lei",pescarie
cocktail fructe de mare congelate,"24,00 lei",pescarie
midii,"26,90 lei",pescarie
zacusca din peste cu ciuperci,"26,99 lei",pescarie
pastrav ardelenesc,"21,90 lei",pescarie
bagheta de peste,"21,90 lei",pescarie
somon marinat nefeliat,"73,50 lei",pescarie
pastrav eviscerat,"36,00 lei",pescarie
somon file,"69,90 lei",pescarie
fish,"19,90 lei",pescarie
salata icre hering cu ceapa,"12,30 lei",pescarie
file hering matinat cu lamaie,"10,00 lei",pescarie
crap proaspat captura,"40,00 lei",pescarie
salata cu icre stiuca si ceapa,"12,40 lei",pescarie
somon file afumat,"22,90 lei",pescarie
icre sarate de hering,"14,20 lei",pescarie
icre sarate de cod,"10,90 lei",pescarie
salata icre de crap si ceapa,"4,85 lei",pescarie
salata icre cu ton,"12,40 lei",pescarie
apa carbogazoasa minerala,"3,35 lei",apa
apa plata,"3,75 lei",apa
apa carbogazoasa de izvor,"1,79 lei",apa
apa carbogazoasa minerala naturala,"3,85 lei",apa
apa plata minerala naturala,"6,95 lei",apa
apa plata de izvor,"6,99 lei",apa
apa minerala naturala plata,"16,25 lei",apa
apa minerala naturala slab carbogazoasa,"3,95 lei",apa
apa plata minerala,"6,35 lei",apa
apa carbogazoasa partial,"6,25 lei",apa
apa minerala naturala carbogazoasa,"19,99 lei",apa
bautura carbogazoasa,"4,95 lei",apa
apa minerala naturala carbogazificata,"3,85 lei",apa
bautura carbogazoasa cu aroma de mar,"4,95 lei",apa
apa fructata cu mar,"5,95 lei",apa
apa fructata cu piersica,"5,95 lei",apa
apa carbogazoasa,"3,15 lei",apa
apa plata cu capac sport,"3,25 lei",apa
apa minerala naturala carbozificata partial,"3,39 lei",apa
apa fructata cu lamaie,"5,95 lei",apa
apa plata oligominerala,"2,95 lei",apa
apa fructata cu aroma de visina,"5,95 lei",apa
apa fructata cu aroma de mango,"5,95 lei",apa
apa plata naturala,"3,65 lei",apa
apa cu aroma de capsuni,"3,30 lei",apa
apa plata minerala light,"4,25 lei",apa
apa carbogazoasa light,"3,45 lei",apa
sirop de visine,"12,49 lei",bauturi-racoritoare
sirop de soc cu lamaie,"12,49 lei",bauturi-racoritoare
sirop de capsune,"12,49 lei",bauturi-racoritoare
sirop de afine,"12,49 lei",bauturi-racoritoare
suc natural de mere,"17,99 lei",bauturi-racoritoare
sirop de zmeura,"12,49 lei",bauturi-racoritoare
suc natural de mere cu pere,"19,99 lei",bauturi-racoritoare
sirop de fructe de padure,"12,49 lei",bauturi-racoritoare
suc natural de mere si soc,"19,99 lei",bauturi-racoritoare
suc natural de mere cu visine,"19,99 lei",bauturi-racoritoare
bautura necarbogazoasa cu mere si sfecla,"19,99 lei",bauturi-racoritoare
sirop de capsuni,"22,99 lei",bauturi-racoritoare
suc natural de mere si caise,"9,20 lei",bauturi-racoritoare
bautura carbogazoasa cu aroma de struguri rosii,"7,15 lei",bauturi-racoritoare
suc natural de piersici,"7,85 lei",bauturi-racoritoare
suc natural de portocale,"7,85 lei",bauturi-racoritoare
bautura carbogazoasa cu gust de lamaie,"14,99 lei",bauturi-racoritoare
bautura carbogazoasa cu aroma de mandarine,"7,89 lei",bauturi-racoritoare
bautura necarbogazoasa cu mere si zmeura,"7,75 lei",bauturi-racoritoare
bautura carbogazoasa cu aroma de soc si lamaie,"7,15 lei",bauturi-racoritoare
suc natural de tomate,"7,04 lei",bauturi-racoritoare
apa tonica,"7,89 lei",bauturi-racoritoare
bautura carbogazoasa cu suc de struguri,"11,40 lei",bauturi-racoritoare
bautura necarbogazoasa cu mar verde,"5,29 lei",bauturi-racoritoare
bautura necarbogazoasa cu portocale,"5,29 lei",bauturi-racoritoare
bautura necarbogazoasa cu pere,"5,29 lei",bauturi-racoritoare
bautura racoritoare,"3,15 lei",bauturi-racoritoare
bautura necarbogazoasa cu zmeura,"3,35 lei",bauturi-racoritoare
vin rosu sec,"55,70 lei",bauturi alcoolice
vin alb sec,"20,90 lei",bauturi alcoolice
purcari,"72,90 lei",bauturi alcoolice
vin rose sec,"33,90 lei",bauturi alcoolice
caii,"31,70 lei",bauturi alcoolice
vin frizzante rose,"25,90 lei",bauturi alcoolice
vin alb demisec,"18,40 lei",bauturi alcoolice
vin rosu demidulce,"13,99 lei",bauturi alcoolice
prosecco alb sec,"38,70 lei",bauturi alcoolice
vin alb demidulce,"13,99 lei",bauturi alcoolice
vin roze demidulce,"13,99 lei",bauturi alcoolice
vin spumant alb demisec,"20,90 lei",bauturi alcoolice
vin spumant rose demidulce,"26,10 lei",bauturi alcoolice
sampanie pentru copii cu piersici,"14,40 lei",bauturi alcoolice
vin rosu dulce,"14,80 lei",bauturi alcoolice
vin rosu demisec,"9,50 lei",bauturi alcoolice
bautura carbogazoasa cu zmeura,"14,40 lei",bauturi alcoolice
vin roze demisec,"5,19 lei",bauturi alcoolice
bautura carbogazoasa cu capsuni,"14,40 lei",bauturi alcoolice
sampanie pentru copii,"13,70 lei",bauturi alcoolice
vin alb dulce,"17,99 lei",bauturi alcoolice
vin rose demisec,"34,90 lei",bauturi alcoolice
vin,"14,80 lei",bauturi alcoolice
vin spumant rose,"40,90 lei",bauturi alcoolice
vin rose demidulce,"14,30 lei",bauturi alcoolice
vin rose dulce,"14,80 lei",bauturi alcoolice
prosecco rose,"17,90 lei",bauturi alcoolice
mionetto,"60,70 lei",bauturi alcoolice
pachet prosecco,"39,49 lei",bauturi alcoolice
vin rosu sec fara alcool,"36,90 lei",bauturi alcoolice
vin frizzante rose demidulce,"21,90 lei",bauturi alcoolice
vin spumant,"42,00 lei",bauturi alcoolice
prosecco alb extra sec,"33,59 lei",bauturi alcoolice
vin spumant alb,"40,90 lei",bauturi alcoolice
vin alb sec de,"39,80 lei",bauturi alcoolice
vin sec roze de,"40,20 lei",bauturi alcoolice
bautura aromatizata pe baza de vin rosu,"29,90 lei",bauturi alcoolice
bautura aromatizata pe baza de vin rose,"29,90 lei",bauturi alcoolice
vin spumant roze dulce,"24,10 lei",bauturi alcoolice
rom,"179,99 lei",bauturi alcoolice
tequila,"59,99 lei",bauturi alcoolice
gin,"45,60 lei",bauturi alcoolice
whisky,"61,50 lei",bauturi alcoolice
scotch,"46,90 lei",bauturi alcoolice
pachet whiskey,"52,99 lei",bauturi alcoolice
vodka,"29,00 lei",bauturi alcoolice
vodca,"82,40 lei",bauturi alcoolice
pachet whisky,"64,58 lei",bauturi alcoolice
irish,"65,89 lei",bauturi alcoolice
premium,"55,60 lei",bauturi alcoolice
whiskey,"90,40 lei",bauturi alcoolice
rum alb,"30,95 lei",bauturi alcoolice
scotch whisky,"55,10 lei",bauturi alcoolice
blended,"103,49 lei",bauturi alcoolice
gin cu aroma de gutuie,"129,00 lei",bauturi alcoolice
pachet rom,"154,99 lei",bauturi alcoolice
rom alb,"69,90 lei",bauturi alcoolice
dry,"62,40 lei",bauturi alcoolice
pachet,"63,49 lei",bauturi alcoolice
vodka premium,"58,10 lei",bauturi alcoolice
gin cu aroma de zmeura,"129,00 lei",bauturi alcoolice
whiskey single malt,"259,99 lei",bauturi alcoolice
irish whisky,"36,70 lei",bauturi alcoolice
tequilla,"70,50 lei",bauturi alcoolice
discovery,"27,80 lei",bauturi alcoolice
london,"73,60 lei",bauturi alcoolice
vodka mccoy,"10,75 lei",bauturi alcoolice
brandy,"68,20 lei",bauturi alcoolice
bautura spirtoasa,"45,60 lei",bauturi alcoolice
cocktail,"13,80 lei",bauturi alcoolice
vinars,"78,40 lei",bauturi alcoolice
pachet bautura,"249,99 lei",bauturi alcoolice
pachet brandy,"57,99 lei",bauturi alcoolice
lichior,"63,10 lei",bauturi alcoolice
palinca de prune,"201,00 lei",bauturi alcoolice
visinata,"114,00 lei",bauturi alcoolice
afinata,"113,00 lei",bauturi alcoolice
bautura traditionala,"242,00 lei",bauturi alcoolice
cocktail cu suc de lamaie si extracte de menta si soc,"17,99 lei",bauturi alcoolice
cocktail cu suc de lamaie,"17,99 lei",bauturi alcoolice
bautura carbogazoasa fara alcool cu aroma de guava,"12,70 lei",bauturi alcoolice
bautura carbogazoasa cu aroma de fructul pasiunii,"12,70 lei",bauturi alcoolice
cocktail cu aroma de soc,"28,80 lei",bauturi alcoolice
lichior de cafea si ciocolata alba,"137,00 lei",bauturi alcoolice
vermut,"50,30 lei",bauturi alcoolice
lichior crema de whisky,"23,99 lei",bauturi alcoolice
bautura alcoolica,"85,50 lei",bauturi alcoolice
aperitiv,"28,79 lei",bauturi alcoolice
bautura carbogazoasa cu aroma de grapefruit roz,"12,70 lei",bauturi alcoolice
bautura aperitiv,"72,99 lei",bauturi alcoolice
bautura carbogazoasa fara alcool cu aroma de ananas si cocos,"12,70 lei",bauturi alcoolice
lichiorcrema de tiramisu,"23,99 lei",bauturi alcoolice
pachet lichior,"63,59 lei",bauturi alcoolice
jidvei,"90,20 lei",bauturi alcoolice
bautura alcoolica carbogazoasa cu aroma de mere,"4,99 lei",bauturi alcoolice
coniac,"147,99 lei",bauturi alcoolice
aperitiv cu gust de visine,"19,90 lei",bauturi alcoolice
bacardi cu lime,"11,10 lei",bauturi alcoolice
lichior cu cafea,"67,70 lei",bauturi alcoolice
bere cu aroma de tequila,"7,75 lei",bauturi alcoolice
pachet pentru cadou,"86,70 lei",bauturi alcoolice
alcool rafinat,"57,00 lei",bauturi alcoolice
palinca de,"157,99 lei",bauturi alcoolice
tuica de prune,"90,90 lei",bauturi alcoolice
bautura spirtoasa alba v,"20,80 lei",bauturi alcoolice
lichiorcrema de ciocolata,"23,99 lei",bauturi alcoolice
lichior de fructe,"35,20 lei",bauturi alcoolice
lichior de portocale,"113,00 lei",bauturi alcoolice
bacardi,"11,10 lei",bauturi alcoolice
cocktail cu suc de portocale si extract de plante amare,"9,05 lei",bauturi alcoolice
lichior plante,"55,40 lei",bauturi alcoolice
cocktail cu whiskey,"9,99 lei",bauturi alcoolice
pachet pentru cadou bautura spirtoasa,"67,69 lei",bauturi alcoolice
lichior de cafea,"94,90 lei",bauturi alcoolice
absolut,"10,60 lei",bauturi alcoolice
digestiv,"95,50 lei",bauturi alcoolice
aperol,"49,60 lei",bauturi alcoolice
bere aromatizata,"13,60 lei",bauturi alcoolice
cocktail din vin de fructe,"13,60 lei",bauturi alcoolice
cocktail cu extracte de plante si fructe,"9,05 lei",bauturi alcoolice
bere blonda,"6,85 lei",bauturi alcoolice
bere artizanala blonda,"9,50 lei",bauturi alcoolice
bere blonda nefiltrata,"9,70 lei",bauturi alcoolice
bere bruna,"6,05 lei",bauturi alcoolice
bere aramie,"6,25 lei",bauturi alcoolice
bere aramie nefiltrata,"10,60 lei",bauturi alcoolice
bere blonda fara alcool cu aroma de grepefruit,"20,40 lei",bauturi alcoolice
cidru cu aroma de capsuni si fragute,"3,49 lei",bauturi alcoolice
cidru,"5,45 lei",bauturi alcoolice
bere blonda fara alcool,"6,25 lei",bauturi alcoolice
cidru cu aroma de cirese,"3,49 lei",bauturi alcoolice
bere blonda fara alcool cu ghimbir,"10,70 lei",bauturi alcoolice
bere fara alcool,"8,89 lei",bauturi alcoolice
cidru cu aroma de afine,"3,49 lei",bauturi alcoolice
cidru cu aroma de zmeura,"3,49 lei",bauturi alcoolice
bere alba,"8,89 lei",bauturi alcoolice
bere blonda fara alcool cu lamaie,"4,35 lei",bauturi alcoolice
cidru cu aroma de lamaie si menta,"3,49 lei",bauturi alcoolice
bere alba nefiltrata,"7,89 lei",bauturi alcoolice
bere neagra,"23,75 lei",bauturi alcoolice
bere blonda fara alcool cu aroma de ananas si guava,"5,10 lei",bauturi alcoolice
bere blonda fara alcool cu aroma de zmeura,"4,35 lei",bauturi alcoolice
bere blonda fara alcool cu aroma de lamaie,"19,20 lei",bauturi alcoolice
cidru rose sec din mere,"5,45 lei",bauturi alcoolice
bere,"3,95 lei",bauturi alcoolice
bere blonda fara alcool cu aroma de cirese,"20,40 lei",bauturi alcoolice
bere blonda fara alcool cu aroma de rodie,"4,75 lei",bauturi alcoolice
bere blonda fara alcool cu aroma de zmeura si afine,"4,55 lei",bauturi alcoolice
ulei de floarea soarelui,"7,49 lei",alimente-de-baza
spaghetti n,"5,45 lei",alimente-de-baza
fusilli n,"5,75 lei",alimente-de-baza
orez pentru pilaf,"9,55 lei",alimente-de-baza
orez camolino,"8,55 lei",alimente-de-baza
pesmet,"4,29 lei",alimente-de-baza
mini,"7,25 lei",alimente-de-baza
faina alba,"2,05 lei",alimente-de-baza
fulgi de nuca de cocos,"1,59 lei",alimente-de-baza
gris din grau,"1,99 lei",alimente-de-baza
penne,"12,80 lei",alimente-de-baza
paste fainoase,"2,19 lei",alimente-de-baza
paste,"5,99 lei",alimente-de-baza
drojdie uscata,"2,19 lei",alimente-de-baza
spaghettini n,"6,05 lei",alimente-de-baza
farfalle n,"6,49 lei",alimente-de-baza
orez pentru sarmale calitatea,"7,90 lei",alimente-de-baza
paste fainoase spaghete,"2,39 lei",alimente-de-baza
amidon de porumb,"2,39 lei",alimente-de-baza
tagliatelle cu ou,"11,50 lei",alimente-de-baza
bors acru,"2,49 lei",alimente-de-baza
orez bob rotund,"6,99 lei",alimente-de-baza
esenta cu aroma de vanilie,"0,69 lei",alimente-de-baza
orez bob lung camolino,"6,49 lei",alimente-de-baza
fasole alba bob mare,"6,99 lei",alimente-de-baza
bicarbonat de sodiu,"0,99 lei",alimente-de-baza
miez de nuca macinat,"29,49 lei",alimente-de-baza
mac,"2,50 lei",alimente-de-baza
esenta cu aroma de rom,"0,69 lei",alimente-de-baza
taitei cuiburi,"2,39 lei",alimente-de-baza
faina alba pentru prajituri,"2,80 lei",alimente-de-baza
linguine,"6,80 lei",alimente-de-baza
linte rosie,"12,30 lei",alimente-de-baza
naut,"4,99 lei",alimente-de-baza
paste integrale,"7,80 lei",alimente-de-baza
zahar pudra vanilinat,"1,19 lei",alimente-de-baza
faina alba pentru cozonac,"2,80 lei",alimente-de-baza
sare de lamaie,"0,28 lei",alimente-de-baza
vopsea oua gel,"11,99 lei",alimente-de-baza
esenta cu aroma de lamaie,"0,69 lei",alimente-de-baza
zahar vanilinat,"0,29 lei",alimente-de-baza
drajeuri cu rom si cocos,"26,99 lei",alimente-de-baza
ulei de cocos,"30,50 lei",alimente-de-baza
orez bob lung,"6,99 lei",alimente-de-baza
fasole pestrita,"4,99 lei",alimente-de-baza
orez brun,"10,10 lei",alimente-de-baza
lapte praf instant din soia integrala,"18,40 lei",alimente-de-baza
indulcitor,"16,99 lei",alimente-de-baza
zahar alb,"10,80 lei",alimente-de-baza
zahar,"2,99 lei",alimente-de-baza
ulei de floarea soarelui rafinat cu vitamina,"14,99 lei",alimente-de-baza
faina extra,"2,99 lei",alimente-de-baza
zahar la punga de hartie,"3,99 lei",alimente-de-baza
zahar punga hartie,"3,45 lei",alimente-de-baza
praf de copt,"1,45 lei",alimente-de-baza
malai,"4,45 lei",alimente-de-baza
faina alba tip,"2,99 lei",alimente-de-baza
bors,"3,85 lei",alimente-de-baza
zahar pachet hartie,"3,79 lei",alimente-de-baza
baghete de zahar brun,"10,00 lei",alimente-de-baza
malai pentru mamaliga,"5,49 lei",alimente-de-baza
gris,"3,75 lei",alimente-de-baza
esenta de vanilie,"4,90 lei",alimente-de-baza
piscoturi,"9,99 lei",alimente-de-baza
otet de mere,"3,95 lei",alimente-de-baza
zahar vanilat bourbon,"2,35 lei",alimente-de-baza
cacao,"4,25 lei",alimente-de-baza
fidea de preparare rapida cu gust de pui gr,"2,10 lei",alimente-de-baza
malai extra gold,"2,39 lei",alimente-de-baza
faina alba de grau tip,"4,25 lei",alimente-de-baza
zahar brun,"4,55 lei",alimente-de-baza
esenta de portocala,"4,90 lei",alimente-de-baza
esenta de rom,"4,40 lei",alimente-de-baza
esenta de lamaie,"4,90 lei",alimente-de-baza
cafea solubila,"7,05 lei",ceai-si-cafea
cafea macinata,"11,99 lei",ceai-si-cafea
cafea instant,"15,29 lei",ceai-si-cafea
ceai mix cu fructe de padure,"2,99 lei",ceai-si-cafea
cafea boabe,"99,99 lei",ceai-si-cafea
ceai de menta,"2,10 lei",ceai-si-cafea
cafea macinata arabica classico,"16,99 lei",ceai-si-cafea
ceai de fructe cu capsune,"2,99 lei",ceai-si-cafea
capsule cafea,"40,30 lei",ceai-si-cafea
ceai de musetel,"2,10 lei",ceai-si-cafea
ceai de plante sunatoare,"2,10 lei",ceai-si-cafea
ceai de tei si lamaie,"3,79 lei",ceai-si-cafea
cafea cicoare,"19,49 lei",ceai-si-cafea
capsule cafea decafeinizata,"9,99 lei",ceai-si-cafea
cafea solubila decofeinizata,"21,20 lei",ceai-si-cafea
cafea macinata si prajita,"15,29 lei",ceai-si-cafea
capsule ciocolata calda,"34,99 lei",ceai-si-cafea
cafea macinata arabica,"16,99 lei",ceai-si-cafea
ceai negru cu mango,"12,99 lei",ceai-si-cafea
cafea macinata decafeinizata,"22,99 lei",ceai-si-cafea
ceai de galbenele,"2,10 lei",ceai-si-cafea
ceai negru,"24,99 lei",ceai-si-cafea
ceai cu ghimbir si lamaie,"24,99 lei",ceai-si-cafea
cafea,"25,99 lei",ceai-si-cafea
ceai verde cu iasomie,"24,99 lei",ceai-si-cafea
ceai cu fructe de padure,"24,99 lei",ceai-si-cafea
ceai negru cu zmeura,"6,99 lei",ceai-si-cafea
ceai cu zmeura,"24,99 lei",ceai-si-cafea
crema pudra,"12,50 lei",ceai-si-cafea
ceai,"3,20 lei",ceai-si-cafea
croissant cu crema cu cacao,"1,35 lei",dulciuri
croissant cu aroma de vanilie,"1,35 lei",dulciuri
biscuiti sandwich cu cacao,"0,50 lei",dulciuri
biscuiti sandwich cu vanilie,"0,50 lei",dulciuri
salam de biscuiti,"1,95 lei",dulciuri
croissant cu crema cu vanilie si umplutura cu visine,"2,25 lei",dulciuri
ciocolata,"5,94 lei",dulciuri
croissant cu crema cu vanilie si umplutura cu capsune,"2,25 lei",dulciuri
bomboane cu alune si caramel,"8,49 lei",dulciuri
ciocolata cu caramel,"5,94 lei",dulciuri
bomboane,"14,80 lei",dulciuri
biscuiti sandwich,"0,50 lei",dulciuri
selectie bomboane de ciocolata,"20,70 lei",dulciuri
ciocolata aerata cu lapte,"5,94 lei",dulciuri
biscuiti sandwich cu lamaie,"0,50 lei",dulciuri
croissant cu crema cu vanilie,"2,25 lei",dulciuri
biscuiti,"5,49 lei",dulciuri
ciocolata cu zmeura,"5,94 lei",dulciuri
ciocolata cu crema de visine,"5,94 lei",dulciuri
cornulete cu gem,"9,70 lei",dulciuri
praline,"17,50 lei",dulciuri
biscuiti populari,"10,99 lei",dulciuri
ciocolata alba,"5,94 lei",dulciuri
bomboane de ciocolata,"22,20 lei",dulciuri
ciocolata cu alune,"5,94 lei",dulciuri
ciocolata cu iaurt,"5,94 lei",dulciuri
ciocolata desert,"5,94 lei",dulciuri
trufe,"18,50 lei",dulciuri
praline de ciocolata cu lapte,"13,50 lei",dulciuri
ciocolata cu menta,"14,99 lei",dulciuri
ciocolata asortata,"18,99 lei",dulciuri
tiramisu,"10,79 lei",dulciuri
fursecuri limbi de pisica,"10,80 lei",dulciuri
biscuiti cu crema de cacao,"8,49 lei",dulciuri
ciocolata tablete cu menta si portocale,"14,99 lei",dulciuri
ciocolata cu cocos si migdale,"12,80 lei",dulciuri
fursecuri cu stafide,"10,80 lei",dulciuri
ciocolata cu crema de alune,"5,94 lei",dulciuri
cutie bomboane,"13,50 lei",dulciuri
praline de ciocolata neagra,"13,50 lei",dulciuri
biscuiti digestivi simpli,"1,29 lei",dulciuri
biscuiti cu cereale si fructe,"1,49 lei",dulciuri
praline asortate,"27,99 lei",dulciuri
praline cu ciocolata si lichior,"39,90 lei",dulciuri
ciocolata neagra,"14,99 lei",dulciuri
ciocolata cu biscuiti,"5,94 lei",dulciuri
prajitura cu crema de lamaie,"10,79 lei",dulciuri
bomboane cu rom si cocos,"12,99 lei",dulciuri
praline de ciocolata,"45,40 lei",dulciuri
rulouri cu crema de vanilie,"10,80 lei",dulciuri
bomboane asortate,"42,80 lei",dulciuri
praline cu prune si ciocolata amaruie,"24,00 lei",dulciuri
biscuiti cu cacao si crema de lapte,"2,20 lei",dulciuri
biscuiti cu cereale si ciocolata,"1,49 lei",dulciuri
biscuiti sarati,"2,79 lei",dulciuri
fursecuri cu lapte,"10,80 lei",dulciuri
jeleuri cu aroma de fructe,"4,99 lei",dulciuri
biscuiti cu cocos,"2,99 lei",dulciuri
jeleuri cu aroma de fructe de padure,"4,99 lei",dulciuri
prajitura cu cacao si crema vanilie,"10,79 lei",dulciuri
turta dulce,"13,49 lei",dulciuri
ciocolata cu lapte,"5,94 lei",dulciuri
biscuiti cu ovaz si mere,"2,79 lei",dulciuri
prajitura cu cafea si lamaie,"10,79 lei",dulciuri
biscuiti cu miere,"2,99 lei",dulciuri
ciocolata amaruie,"2,39 lei",dulciuri
prajitura cu cacao si crema lapte,"10,79 lei",dulciuri
bomboane ciocolata neagra,"27,99 lei",dulciuri
bomboane de ciocolata asortate,"55,80 lei",dulciuri
bomboane de ciocolata cu lapte,"55,80 lei",dulciuri
caramele,"11,60 lei",dulciuri
biscuiti condimentati,"2,79 lei",dulciuri
praline de ciocolata umplute cu crema de nuga,"34,90 lei",dulciuri
ciocolata cu lapte si arahide,"2,39 lei",dulciuri
praline din napolitana cu crema de cocos,"14,30 lei",dulciuri
praline asortate cu fructe de padure,"42,90 lei",dulciuri
rosii taiate cuburi,"5,25 lei",conserve
mazare verde boabe,"8,69 lei",conserve
ciuperci taiate,"10,89 lei",conserve
fasole alba cu bob mic,"7,99 lei",conserve
pate cu ficat de porc,"3,29 lei",conserve
rosii tocate cu pulpa,"4,99 lei",conserve
porumb boabe,"7,49 lei",conserve
fasole alba boabe,"8,05 lei",conserve
ton intreg in suc propriu,"13,99 lei",conserve
porumb dulce,"3,70 lei",conserve
masline negre fara samburi,"6,90 lei",conserve
gogosari in otet din vin taiati,"6,99 lei",conserve
fasole rosie,"5,05 lei",conserve
masline negre,"6,25 lei",conserve
castraveti in otet,"7,99 lei",conserve
zacusca cu vinete,"4,50 lei",conserve
castraveti intregi in otet,"5,29 lei",conserve
pate din ficat de pui,"4,55 lei",conserve
salata de ton,"17,39 lei",conserve
pate de porc,"5,75 lei",conserve
fasole neagra,"6,85 lei",conserve
masline verzi in saramura,"10,99 lei",conserve
conserva fasole rosie,"6,85 lei",conserve
pate din carne de curcan,"4,55 lei",conserve
ton in ulei de masline,"31,30 lei",conserve
conserva fasole alba,"6,85 lei",conserve
masline,"13,40 lei",conserve
pate cu porc,"2,49 lei",conserve
pate,"3,95 lei",conserve
compot de piersici jumatati,"9,79 lei",conserve
sardine in ulei,"6,55 lei",conserve
pate de pui,"3,29 lei",conserve
ardei capia copt si decojit in otet,"10,99 lei",conserve
mazare verde boabe in saramura,"6,59 lei",conserve
naut boabe,"4,99 lei",conserve
mazare verde de gradina,"9,20 lei",conserve
castraveti murati,"16,50 lei",conserve
pate de ton,"13,80 lei",conserve
fasole rosie boabe,"4,49 lei",conserve
fasole alba,"7,55 lei",conserve
fasole cu costita afumata,"9,85 lei",conserve
ardei iute in otet,"9,95 lei",conserve
ton bucati,"11,60 lei",conserve
fasole in sos tomat,"4,90 lei",conserve
sarmalute cu carne de porc,"22,40 lei",conserve
gogosari in otet,"9,15 lei",conserve
pasta de tomate,"6,85 lei",conserve
ton intreg in ulei de floarea soarelui,"15,49 lei",conserve
rosii uscate la soare,"7,90 lei",conserve
porumb boabe dulce,"3,85 lei",conserve
ton,"14,60 lei",conserve
pate integral de pui,"6,75 lei",conserve
conserva cu carne de porc,"17,50 lei",conserve
salata de ton cu porumb,"17,39 lei",conserve
ciorba de vacuta cu verdeata,"16,40 lei",conserve
castraveti in saramura,"21,00 lei",conserve
macrou file,"10,50 lei",conserve
masline negre in saramura,"10,99 lei",conserve
zacusca taraneasca,"9,99 lei",conserve
ton intreg in ulei de masline extra virgin,"19,49 lei",conserve
ciuperci,"12,49 lei",conserve
miniconserve cu porumb dulce,"8,75 lei",conserve
sfecla rosie in otet,"6,99 lei",conserve
muraturi asortate,"9,75 lei",conserve
conserva,"10,29 lei",conserve
amestec mexican,"9,35 lei",conserve
sardine baltice in sos tomat,"5,99 lei",conserve
fasole galbena taiata,"10,90 lei",conserve
zacusca,"5,99 lei",conserve
zacusca picanta cu vinete,"5,60 lei",conserve
carne de curcan,"12,99 lei",conserve
amestec de legume mexico,"6,35 lei",conserve
pate integral de porc,"6,75 lei",conserve
hering file,"8,65 lei",conserve
tocana de legume,"3,99 lei",conserve
compot cocktail fructe tropicale,"9,29 lei",conserve
pate de pasare,"6,45 lei",conserve
salata texana de ton,"17,39 lei",conserve
mazare cu piept de pui,"10,49 lei",conserve
fasole batuta,"4,99 lei",conserve
conserva cu carne de vita,"17,50 lei",conserve
pate taranesc de porc,"3,75 lei",conserve
ciuperci intregi,"6,99 lei",conserve
pate cu pui,"2,79 lei",conserve
ton bucati in ulei de floarea soarelui,"13,30 lei",conserve
linte,"8,60 lei",conserve
arahide coapte in coaja rosie,"4,69 lei",dulciuri
seminte de floarea soarelui negre coape fara sare,"3,29 lei",dulciuri
miez de nuca,"22,99 lei",dulciuri
seminte de floarea soarelui negre sarate si coapte,"3,29 lei",dulciuri
tortilla chips cu gust de branza,"10,40 lei",dulciuri
miez seminte floarea soarelui copt si sarat,"2,10 lei",dulciuri
stafide brune,"4,99 lei",dulciuri
pufuleti fara sare,"4,70 lei",dulciuri
fistic copt si sarat,"16,99 lei",dulciuri
seminte pestrite sarate si coapte,"3,59 lei",dulciuri
tortilla chips cu sare,"7,15 lei",dulciuri
seminte albe de floareasoarelui,"3,79 lei",dulciuri
miez seminte de dovleac copt si sarat,"5,99 lei",dulciuri
mix cu miez de nuca,"6,29 lei",dulciuri
mix nuci,"11,49 lei",dulciuri
covrigei cu sare,"2,49 lei",dulciuri
tortilla chips cu gust de ardei iute,"10,40 lei",dulciuri
miez de nuca sferturi,"11,99 lei",dulciuri
tortilla chips cu gust de ardei chilli dulce,"7,15 lei",dulciuri
fulgi de migdale,"10,99 lei",dulciuri
tortilla chips cu gust de barbecue,"7,15 lei",dulciuri
crackers classic,"5,49 lei",dulciuri
arahide decojite,"2,49 lei",dulciuri
seminte albe sarate si coapte,"7,49 lei",dulciuri
seminte de dovleac,"12,00 lei",dulciuri
crackers cu sare,"2,79 lei",dulciuri
fistic decojit,"20,99 lei",dulciuri
seminte negre de floareasoarelui,"1,99 lei",dulciuri
caju crud,"20,00 lei",dulciuri
amestec de seminte,"7,90 lei",dulciuri
migdale crude in coaja,"8,49 lei",dulciuri
samburi caise,"15,10 lei",dulciuri
miez de nuca copt cu scortisoara,"8,29 lei",dulciuri
migdale decojite maruntite special pentru patiserie,"10,49 lei",dulciuri
migdale macinate,"8,49 lei",dulciuri
migdale prajite si sarate in coaja,"16,99 lei",dulciuri
pufuleti simpli,"0,90 lei",dulciuri
pufuleti,"3,35 lei",dulciuri
sticksuri cu sare,"0,99 lei",dulciuri
chipsuri cu sare,"7,99 lei",dulciuri
covrigei vanilati,"1,35 lei",dulciuri
snacks,"3,35 lei",dulciuri
alune prajite,"8,89 lei",dulciuri
arahide prajite si sarate,"8,79 lei",dulciuri
alune,"3,50 lei",dulciuri
grisine cu seminte de in si ulei de masline,"2,85 lei",dulciuri
covrigei cu masline,"3,75 lei",dulciuri
spirale cu branza,"5,79 lei",dulciuri
seminte pestrite de floarea soarelui cu sare,"6,95 lei",dulciuri
pufuleti cu aroma de cascaval,"3,39 lei",dulciuri
sticksuri cu susan,"0,99 lei",dulciuri
chipsuri cu cascaval,"7,99 lei",dulciuri
rondele cu usturoi,"4,10 lei",dulciuri
rondele de paine crocanta cu pizza,"4,10 lei",dulciuri
pufuleti cu lapte,"1,40 lei",dulciuri
popcorn cu sare,"3,95 lei",dulciuri
arahide sarate si coapte cu coaja,"9,85 lei",dulciuri
chipsuri,"11,49 lei",dulciuri
chips cu barbeque,"7,99 lei",dulciuri
covrigei cu branza,"6,25 lei",dulciuri
covrigei sarati cu vin alb,"3,05 lei",dulciuri
porumb copt si sarat,"2,10 lei",dulciuri
croco,"7,09 lei",dulciuri
covrigi de,"5,10 lei",dulciuri
fistic prajit sarat,"16,29 lei",dulciuri
rondele cu sare,"4,10 lei",dulciuri
covrigei cu branza si chimen,"6,25 lei",dulciuri
chipsuri cu smantana si ceapa,"11,49 lei",dulciuri
chipsuri cu iaurt si ierburi aromatice rumeniti in cuptor,"7,55 lei",dulciuri
chipsuri cu paprika,"7,99 lei",dulciuri
covrigei,"2,45 lei",dulciuri
alune prajite si sarate,"5,95 lei",dulciuri
seminte de dovleac decojite,"5,45 lei",dulciuri
toortitzi cu sare,"3,65 lei",dulciuri
chipsuri cu smantana si marar,"7,99 lei",dulciuri
popcorn cu cascaval,"3,25 lei",dulciuri
seminte pestrite coapte si sarate,"6,40 lei",dulciuri
seminte pestrite de floarea soarelui,"9,15 lei",dulciuri
popcorn cu unt,"3,95 lei",dulciuri
chipsuri cu sare de mare,"8,45 lei",dulciuri
pufuleti naturali,"1,05 lei",dulciuri
covrigei italienesti,"3,75 lei",dulciuri
arahide aromate la cuptor,"10,00 lei",dulciuri
piper negru macinat,"2,15 lei",condimente-si-sosuri
marar,"1,75 lei",condimente-si-sosuri
boia ardei dulce,"1,45 lei",condimente-si-sosuri
rosii pasate,"6,99 lei",condimente-si-sosuri
rosii decojite cuburi,"3,99 lei",condimente-si-sosuri
patrunjel,"1,65 lei",condimente-si-sosuri
pulpa de rosii,"13,50 lei",condimente-si-sosuri
leustean,"1,65 lei",condimente-si-sosuri
usturoi granulat,"1,75 lei",condimente-si-sosuri
sare iodata extrafina,"2,75 lei",condimente-si-sosuri
sos,"9,99 lei",condimente-si-sosuri
rosii taiate fin,"7,65 lei",condimente-si-sosuri
sare,"5,55 lei",condimente-si-sosuri
cimbru,"1,65 lei",condimente-si-sosuri
scortisoara macinata,"1,65 lei",condimente-si-sosuri
boia ardei iute,"1,65 lei",condimente-si-sosuri
foi de dafin,"1,45 lei",condimente-si-sosuri
sare de mare,"1,99 lei",condimente-si-sosuri
sare iodata gema marunta,"2,00 lei",condimente-si-sosuri
bulion,"7,00 lei",condimente-si-sosuri
curry,"1,85 lei",condimente-si-sosuri
mustar cu hrean,"4,19 lei",condimente-si-sosuri
ceapa granulata,"4,75 lei",condimente-si-sosuri
sos de maioneza,"6,99 lei",condimente-si-sosuri
oregano,"1,55 lei",condimente-si-sosuri
chimen seminte,"1,65 lei",condimente-si-sosuri
scortisoara,"0,56 lei",condimente-si-sosuri
suc din rosii,"14,90 lei",condimente-si-sosuri
mix de condimente pentru pui,"1,65 lei",condimente-si-sosuri
busuioc,"1,55 lei",condimente-si-sosuri
boia de ardei dulce rubin,"6,65 lei",condimente-si-sosuri
mustar cu boabe intregi,"4,99 lei",condimente-si-sosuri
sare iodata,"3,35 lei",condimente-si-sosuri
boia afumata,"2,05 lei",condimente-si-sosuri
piper negru boabe,"1,49 lei",condimente-si-sosuri
rozmarin,"3,95 lei",condimente-si-sosuri
mix de condimente pentru cartofi prajiti,"1,65 lei",condimente-si-sosuri
cuisoare,"4,45 lei",condimente-si-sosuri
mustar clasic,"4,29 lei",condimente-si-sosuri
mix condiment pentru pui,"1,75 lei",condimente-si-sosuri
piper boabe mozaic,"1,19 lei",condimente-si-sosuri
sare de himalaya,"3,99 lei",condimente-si-sosuri
piper alb macinat,"2,15 lei",condimente-si-sosuri
chimion macinat,"4,25 lei",condimente-si-sosuri
rosii pasate cu busuioc,"13,49 lei",condimente-si-sosuri
cimbru maruntit,"3,05 lei",condimente-si-sosuri
boia dulce,"1,15 lei",condimente-si-sosuri
scortisoara batoane,"3,15 lei",condimente-si-sosuri
tarhon,"2,25 lei",condimente-si-sosuri
rosii pasate cu legume,"11,99 lei",condimente-si-sosuri
sare grunjoasa pentru muraturi,"3,99 lei",condimente-si-sosuri
mix de condimente pentru sarmale,"1,49 lei",condimente-si-sosuri
chimen,"1,45 lei",condimente-si-sosuri
mustar frantuzesc,"5,95 lei",condimente-si-sosuri
mix condiment pentru porc,"1,75 lei",condimente-si-sosuri
frunze de patrunjel,"1,75 lei",condimente-si-sosuri
ghimbir,"4,05 lei",condimente-si-sosuri
nucsoara macinata,"5,75 lei",condimente-si-sosuri
chilli macinat,"3,25 lei",condimente-si-sosuri
condimente pentru cartofi prajiti picanti,"1,65 lei",condimente-si-sosuri
coriandru,"3,85 lei",condimente-si-sosuri
mix de condimente,"3,05 lei",condimente-si-sosuri
baza pentru mancare,"8,55 lei",condimente-si-sosuri
piper mozaic boabe,"14,99 lei",condimente-si-sosuri
condimente pentru ceafa de porc,"1,85 lei",condimente-si-sosuri
condiment pentru gratar,"1,75 lei",condimente-si-sosuri
mix de rosii cu busuioc si usturoi,"7,35 lei",condimente-si-sosuri
sare de mare iodata,"4,00 lei",condimente-si-sosuri
mix de condimente pentru carne la gratar,"1,65 lei",condimente-si-sosuri
fulgi de porumb,"3,49 lei",cereale
cereale mic dejun,"11,20 lei",cereale
fulgi de ovaz,"3,80 lei",cereale
cereale,"11,20 lei",cereale
fulgi de ovaz moi,"6,90 lei",cereale
baton de cereale cu capsuni,"2,40 lei",cereale
musli cu goji,"19,80 lei",cereale
cereale pentru micul dejun,"11,20 lei",cereale
baton de cereale cu ciocolata alba,"2,40 lei",cereale
baton de cereale cu lapte si ciocolata,"2,40 lei",cereale
musli mix fara zahar,"10,60 lei",cereale
baton de cereale pentru mic dejun,"2,40 lei",cereale
fulgi cu tarate de grau,"8,95 lei",cereale
fulgi de secara,"7,00 lei",cereale
polen poliflor,"16,99 lei",cereale
fulgi de orz,"7,00 lei",cereale
multicereal,"7,55 lei",cereale
pernite cu cacao,"5,45 lei",cereale
fulgi de ovaz fin,"6,45 lei",cereale
cereale pentru mic dejun,"12,49 lei",cereale
baton de cereale pentru micul dejun,"1,29 lei",cereale
fulgi de porumb fara zahar,"6,00 lei",cereale
fulgi de porumb fara zahar adaugat,"10,80 lei",cereale
musli cu  fructe,"14,79 lei",cereale
pernite cu capsuni,"5,45 lei",cereale
cereale cu ciocolata,"19,90 lei",cereale
seminte de chia,"11,50 lei",cereale
rondele de orez negru imperial,"5,50 lei",cereale
cereale pentru micul dejun cu miere si arahide,"17,00 lei",cereale
baton de napolitana,"1,85 lei",cereale
musli cu stafide si alune,"14,79 lei",cereale
rondele de orez,"5,50 lei",cereale
pufarine cu fructe,"4,95 lei",cereale
rondele de orez cu glazura de cacao,"4,75 lei",cereale
cereale pentru mic dejun cu aroma de fructe,"16,50 lei",cereale
cereale cu fructe,"19,90 lei",cereale
fulgi de ovaz eco,"8,29 lei",cereale
musli cu merisor,"13,80 lei",cereale
fulgi de ovaz clasic,"6,45 lei",cereale
rondele simple din orez,"2,50 lei",cereale
baton cu cereale,"1,29 lei",cereale
fulgi de grau cu tarate,"5,55 lei",cereale
baton de cereale cu ciocolata,"2,25 lei",cereale
cereale inele cu miere,"6,45 lei",cereale
snacks alunite cu cacao,"5,45 lei",cereale
cereale cu glazura de cacao,"5,55 lei",cereale
snacks alunite cu vanilie,"5,45 lei",cereale
baton cu merisoare si alune,"13,00 lei",cereale
cereale integrale cu nuci si miere,"16,00 lei",cereale
rondele cu chia si quinoa,"5,50 lei",cereale
mix  seminte,"6,90 lei",cereale
musli,"10,90 lei",cereale
rondele de orez cu amarant si hrisca,"5,50 lei",cereale
cereale de ciocolata,"6,45 lei",cereale
musli crocant cu banane si ciocolata,"16,10 lei",cereale
batoane proteice cu cocos,"8,50 lei",cereale
mini cereale pentru mic dejun cu pasta de caramel si ciocolata,"19,10 lei",cereale
cereale integrale cu ciocolata si cirese,"16,00 lei",cereale
rondele cu sare de himalaya,"5,50 lei",cereale
batoane proteice cu inghetata de ciocolata,"9,35 lei",cereale
baton cu caju,"2,75 lei",cereale
baton cu orez,"3,85 lei",cereale
rondele de grau cu glazura de iaurt,"4,75 lei",cereale
rondele de grau cu glazura de cacao,"4,75 lei",cereale
baton din orez expandat cu faina spelta si glazura ciocolata si lapte,"2,50 lei",cereale
fulgi de multicereale integrale,"5,75 lei",cereale
rondele de orez cu  seminte,"1,99 lei",cereale
pufarine cu aroma de fructe,"4,45 lei",cereale
gustare de ovaz cu mar si scortisoara,"3,15 lei",cereale
tarate din ovaz,"6,30 lei",cereale
baton cu caise si nuca,"2,75 lei",cereale
fibre tranzit,"11,50 lei",cereale
cereale cu capsuni si cirese,"14,10 lei",cereale
lamai netratate dupa recoltare,"7,99 lei",fructe
portocale,"10,99 lei",fructe
lamai,"11,99 lei",fructe
afine congelate filiera,"15,99 lei",fructe
prune uscate fara samburi,"9,49 lei",fructe
visine fara samburi,"9,99 lei",fructe
afine congelate,"18,49 lei",fructe
mure congelate filiera,"13,99 lei",fructe
merisoare uscate,"7,99 lei",fructe
chips banane uscate si indulcite,"5,99 lei",fructe
afine la caserola,"8,99 lei",fructe
mere la punga,"9,79 lei",fructe
pere,"9,79 lei",fructe
avocado,"5,99 lei",fructe
avocado la plasa,"12,49 lei",fructe
mere rosii la punga,"9,79 lei",fructe
mere,"5,49 lei",fructe
struguri albi,"7,29 lei",fructe
capsune,"9,99 lei",fructe
mango,"6,99 lei",fructe
avocado ready to eat,"7,99 lei",fructe
grapefruit rosu,"7,99 lei",fructe
kiwi,"14,99 lei",fructe
mandarine,"8,79 lei",fructe
mango ready to eat,"8,99 lei",fructe
zmeura la caserola,"17,99 lei",fructe
ananas,"23,98 lei",fructe
rodii,"8,99 lei",fructe
mere rosii,"7,79 lei",fructe
limes,"10,99 lei",fructe
pere kaizer,"9,99 lei",fructe
mere golden,"7,49 lei",fructe
zmeura congelata,"15,99 lei",fructe
papaya,"15,99 lei",fructe
capsuni congelate,"8,29 lei",fructe
curmale deshidratate,"9,10 lei",fructe
amestec de fructe congelate,"9,99 lei",fructe
prune uscate,"16,99 lei",fructe
pere la caserola,"8,99 lei",fructe
nuci in coaja,"28,99 lei",fructe
mix de fructe congelate,"16,10 lei",fructe
nuca de cocos,"4,49 lei",fructe
pepene galben,"21,98 lei",fructe
pitahaya,"22,99 lei",fructe
physalis,"7,99 lei",fructe
mix de fructe pentru smoothie,"24,90 lei",fructe
amestec fructe congelate,"12,10 lei",fructe
ananas bucati,"19,90 lei",fructe
capsune congelate,"7,90 lei",fructe
afine rosii,"20,20 lei",fructe
ananas cuburi,"13,49 lei",fructe
caise uscate turcesti,"8,50 lei",fructe
nuca de cocos felii,"13,99 lei",fructe
mix de fructe,"24,90 lei",fructe
mix de fructe cu zmerura,"14,40 lei",fructe
mix cuburi mango si ananas,"12,99 lei",fructe
mango cuburi,"12,49 lei",fructe
amestec de fructe cu alint,"11,50 lei",fructe
amestec de fructe cu zvac,"12,90 lei",fructe
capsuni,"23,99 lei",fructe
coacaze rosii,"17,99 lei",fructe
pepene verde cu samburi putini,"82,43 lei",fructe
cartofi pai congelati,"9,49 lei",legume
amestec de legume mexican,"4,49 lei",legume
morcovi baby,"6,49 lei",legume
amestec legume pentru ciorba de perisoare,"4,49 lei",legume
mix de ciuperci cu hribi si galbiori calitatea,"17,99 lei",legume
cartofi taiati,"8,99 lei",legume
spanac tocat portii,"4,49 lei",legume
amestec legume pentru ciorba de vacuta,"4,99 lei",legume
mazare boabe,"4,99 lei",legume
amestec de legume pentru salata de boeuf,"4,49 lei",legume
ciuperci champignon,"6,29 lei",legume
porumb boabe congelat,"6,99 lei",legume
cartofi rondele congelati,"9,49 lei",legume
ghebe,"10,99 lei",legume
hribi cuburi calitate,"17,99 lei",legume
galbiori calitate,"17,99 lei",legume
ceapa galbena,"3,39 lei",legume
morcovi,"3,69 lei",legume
ceapa verde romaneasca,"0,99 lei",legume
castraveti,"3,00 lei",legume
ridichi rosii,"1,19 lei",legume
ardei,"19,99 lei",legume
ardei rosu,"12,00 lei",legume
ceapa rosie,"5,49 lei",legume
telina radacina,"6,79 lei",legume
rosii cherry cocktail la caserola,"7,99 lei",legume
rosii cherry alungite,"13,99 lei",legume
patrunjel radacina la caserola,"5,99 lei",legume
legume la caserola morcov,"4,99 lei",legume
cartofi pentru prajit si piure,"14,99 lei",legume
cartofi dulci,"14,99 lei",legume
rosii,"14,99 lei",legume
pastarnac radacina,"5,99 lei",legume
dovlecei,"9,99 lei",legume
sfecla rosie,"4,99 lei",legume
conopida,"13,99 lei",legume
cartofi albi la plasa,"22,99 lei",legume
rosii cherry la caserola,"6,39 lei",legume
gulii la bucata,"3,39 lei",legume
ardei tricolor,"13,99 lei",legume
broccoli,"15,99 lei",legume
cartofi rosii la plasa,"22,99 lei",legume
ardei gras,"10,00 lei",legume
praz,"8,99 lei",legume
ceapa galbena la plasa,"6,99 lei",legume
spanac congelat,"13,80 lei",legume
rosii prunisoare la caserola,"7,99 lei",legume
pastarnac,"5,99 lei",legume
vinete,"9,99 lei",legume
rosii cherry alungite la caserola,"6,99 lei",legume
varza alba noua,"16,23 lei",legume
ardei kapia,"18,99 lei",legume
cartofi felii condimentati cu usturoi,"11,90 lei",legume
fasole verde pastai congelata,"14,50 lei",legume
amestec de legume pentru ciorba de perisoare,"5,29 lei",legume
usturoi romanesc,"14,49 lei",legume
vinete coapte si tocate,"10,70 lei",legume
varza rosie,"11,98 lei",legume
zuchinni,"9,99 lei",legume
mazare fina,"11,49 lei",legume
fasole galbena pastai,"7,15 lei",legume
cartofi pentru salata,"14,99 lei",legume
rosii cherry,"6,20 lei",legume
fasole uscata alba,"10,99 lei",legume
mazare verde,"6,50 lei",legume
sparanghel la legatura,"16,99 lei",legume
cartofi rosii pentru salata,"14,99 lei",legume
fasole verde,"6,70 lei",legume
loboda,"1,99 lei",legume
ardei bicolor,"13,99 lei",legume
usturoi verde,"1,25 lei",legume
ardei gras in  culori,"7,25 lei",legume
cartofi,"12,99 lei",legume
amestec de legume pentru ciorba traditionala,"5,29 lei",legume
amestec de legume pentru tigaie cu dovlecel,"8,45 lei",legume
vinete congelate,"14,20 lei",legume
mazare verde fina congelata,"10,99 lei",legume
andive,"7,99 lei",legume
cartofi noi import,"3,99 lei",legume
dovleac placintar,"20,97 lei",legume
cartofi prajiti,"13,40 lei",legume
usturoi,"22,99 lei",legume
cartofi wedges in coaja,"11,40 lei",legume
ardei chili mix,"8,99 lei",legume
edamame pastai de soia,"17,90 lei",legume
amestec de legume si orez,"9,40 lei",legume
amestec de legume royal mix vapeur,"7,99 lei",legume
mix de legume pentru ciorba de vacuta,"7,45 lei",legume
ceapa,"6,99 lei",legume
mancare de legume in stil mexican,"9,45 lei",legume
bulete de cartofi,"9,35 lei",legume
amestec de legume pentru ciorba de vacuta,"3,49 lei",legume
spanac,"4,79 lei",salate-si-verdeturi
mix de salata,"4,99 lei",salate-si-verdeturi
frunze de spanac,"5,29 lei",salate-si-verdeturi
menta,"4,99 lei",salate-si-verdeturi
rucola,"4,99 lei",salate-si-verdeturi
chives,"4,99 lei",salate-si-verdeturi
busuioc in ghiveci,"5,79 lei",salate-si-verdeturi
frunze de fetica,"5,49 lei",salate-si-verdeturi
fetica,"6,99 lei",salate-si-verdeturi
salata frunza de stejar,"5,99 lei",salate-si-verdeturi
batavia baby,"6,99 lei",salate-si-verdeturi
salata verde,"1,65 lei",salate-si-verdeturi
salata,"6,99 lei",salate-si-verdeturi
leustean romanesc,"1,25 lei",salate-si-verdeturi
apio,"9,99 lei",salate-si-verdeturi
amestec de telina cu morcov,"9,99 lei",salate-si-verdeturi
dressing cu gust de iaurt,"3,99 lei",salate-si-verdeturi
dressing,"3,99 lei",salate-si-verdeturi
salata cu de toate,"6,79 lei",salate-si-verdeturi
germeni de ceapa rosie biovega,"8,49 lei",salate-si-verdeturi
germeni de lucerna si trifoi rosu biovega,"8,99 lei",salate-si-verdeturi
germeni de broccoli biovega,"8,99 lei",salate-si-verdeturi
salata mix,"7,49 lei",salate-si-verdeturi
germeni de lucerna si ruccola,"7,99 lei",salate-si-verdeturi
salata proaspata de vara,"5,79 lei",salate-si-verdeturi
mix aromatic peste,"3,99 lei",salate-si-verdeturi
mix aromatic pui,"3,99 lei",salate-si-verdeturi
paine toast integral,"5,49 lei",panificatie
paine toast clasica,"5,49 lei",panificatie
paine toast cu secara,"5,49 lei",panificatie
paine toast cu graham,"5,49 lei",panificatie
paine boiereasca alba,"8,17 lei",panificatie
painea brutarului cu maia,"4,19 lei",panificatie
paine  seminte,"9,19 lei",panificatie
paine din faina dieteticaintegrala de grau,"5,17 lei",panificatie
paine feliata din faina alba de grau,"3,99 lei",panificatie
paine domneasca,"9,85 lei",panificatie
paine alba deplina,"1,70 lei",panificatie
bagheta frantuzeasca cu maia,"2,79 lei",panificatie
paine cu faina de secara,"5,20 lei",panificatie
paine feliata graham,"4,25 lei",panificatie
paine din faina alba de grau,"7,85 lei",panificatie
paine din faina integrala cu grau si seminte,"4,99 lei",panificatie
paine neagra,"8,17 lei",panificatie
paine feliata cu seminte,"9,15 lei",panificatie
paine cu maia si ceapa,"2,20 lei",panificatie
paine din grau dur,"7,29 lei",panificatie
chifla alba cu maia,"5,49 lei",panificatie
chifla kaiser alba,"0,49 lei",panificatie
paine ardeleneasca cu cartofi,"9,59 lei",panificatie
paine cu maia si seminte,"4,99 lei",panificatie
chifle hamburger,"3,39 lei",panificatie
paine cu seminte si maia,"5,90 lei",panificatie
paine crocanta,"7,69 lei",panificatie
paine din faina integrala,"4,19 lei",panificatie
lipie piadina cu ulei de masline,"10,90 lei",panificatie
paine alba toast,"7,95 lei",panificatie
paine cu maia si faina neagra,"4,19 lei",panificatie
bagheta,"2,40 lei",panificatie
paine toast integrala,"8,55 lei",panificatie
lipie,"1,99 lei",panificatie
paine alba cu maia,"4,30 lei",panificatie
paine fara gluten,"9,09 lei",panificatie
lipie piadina integrala,"12,80 lei",panificatie
demi bagheta french,"1,19 lei",panificatie
lipie piadina clasica,"10,90 lei",panificatie
paine rustica cu cartofi,"5,99 lei",panificatie
chifla,"6,45 lei",panificatie
paine alba feliata,"5,50 lei",panificatie
chifla pentru hamburger,"7,95 lei",panificatie
chifla pentru hamburger cu mac si susan,"9,90 lei",panificatie
bagheta cu maia si ceapa,"4,99 lei",panificatie
paine feliata fara gluten,"12,49 lei",panificatie
paine din faina integrala de secara,"9,49 lei",panificatie
lipie lunga,"1,89 lei",panificatie
paine subtire de secara,"8,65 lei",panificatie
wraps tortilla grilled,"7,75 lei",panificatie
chifla kaiser cu susan,"0,59 lei",panificatie
paine feliata,"10,30 lei",panificatie
paine alba,"4,20 lei",panificatie
paine din faina de secara cu seminte,"4,99 lei",panificatie
wraps grau spelta si ovaz,"10,30 lei",panificatie
bagheta cu maia si seminte,"4,99 lei",panificatie
paine intermediara,"6,75 lei",panificatie
croissant cu unt,"1,99 lei",panificatie
paine cu malai si maia,"5,90 lei",panificatie
chifla cu maia si seminte,"1,69 lei",panificatie
chifla cu maia si ceapa,"1,69 lei",panificatie
paine crocanta cu cereale si ierburi provence,"8,55 lei",panificatie
paine crocanta cu branza,"9,75 lei",panificatie
paine feliata cereale fara gluten,"11,79 lei",panificatie
paine libaneza,"7,30 lei",panificatie
chifla pentru hamburger cu susan,"1,69 lei",panificatie
paine cu faina integrala,"9,79 lei",panificatie
paine rotunda integrala,"5,50 lei",panificatie
paine prajita din faina integrala cu sare,"7,15 lei",panificatie
wraps multicereale,"10,60 lei",panificatie
paine cu gris din porumb,"4,99 lei",panificatie
paine deplina cu faina neagra de grau,"2,99 lei",panificatie
paine subtire multicereale,"8,65 lei",panificatie
paine din porumb fara gluten,"8,30 lei",panificatie
paine crocanta cu masline si usturoi,"8,55 lei",panificatie
paine prajita de secara,"9,45 lei",panificatie
paine prajita cu chia,"14,45 lei",panificatie
paine integrala de secara si floarea soarelui,"17,50 lei",panificatie
paine prajita cu ovaz,"15,22 lei",panificatie
paine toast din faina integrala,"9,29 lei",panificatie
salata de vinete cu sos de maioneza,"8,99 lei",gastro
humus clasic,"8,99 lei",gastro
ciorba de burta,"9,99 lei",gastro
salata cu pui si ciuperci,"13,99 lei",gastro
salata de sfecla si hrean,"8,99 lei",gastro
salata de ardei copt si usturoi,"8,99 lei",gastro
sandwich cu snitel de pui,"13,99 lei",gastro
tochitura cu carne de porc,"10,99 lei",gastro
salata a la russe,"11,99 lei",gastro
sandwich cu pui shanghai,"8,99 lei",gastro
humus picant,"7,99 lei",gastro
sandwich cu muschi file si cascaval,"7,59 lei",gastro
sandwich cu salam uscat si cascaval afumat,"7,99 lei",gastro
sandwich cu pui si ardei copt,"10,59 lei",gastro
pui intreg cu cartofi wedges,"54,99 lei",gastro
salata boeuf,"9,50 lei",gastro
humus natural fara gluten si coloranti artificiali,"8,45 lei",gastro
sarmale cu carne de porc,"79,00 lei",gastro
platou mix grill,"109,99 lei",gastro
salata de vinete,"7,75 lei",gastro
platou,"135,00 lei",gastro
chiftele de porc,"15,99 lei",gastro
humus cu ceapa caramelizata,"8,45 lei",gastro
mini file din piept de pui,"16,99 lei",gastro
drob de miel,"49,99 lei",gastro
kebab pui,"17,99 lei",gastro
hummus cu usturoi caramelizat,"8,45 lei",gastro
piept de pui la gratar cu sos verdeturi,"9,99 lei",gastro
chiftelute de legume,"12,49 lei",gastro
pandispan cu visine,"44,99 lei",gastro
foi de lasagna,"11,00 lei",gastro
tochitura,"89,99 lei",gastro
supa crema de rosii,"11,90 lei",gastro
gnocchi cu cartofi,"10,10 lei",gastro
tortellini cu spanac si ricotta,"14,70 lei",gastro
supa crema de linte,"11,90 lei",gastro
chiftele de pui,"10,90 lei",gastro
sarmale de post,"17,99 lei",gastro
ravioli cu  tipuri de branza,"14,70 lei",gastro
ciorba de perisoare,"69,99 lei",gastro
tortellini,"14,70 lei",gastro
falafel,"11,50 lei",gastro
drob de pui,"46,49 lei",gastro
ravioli cu,"14,70 lei",gastro
tortellini cu jambon crud,"10,80 lei",gastro
hummus,"8,95 lei",gastro
tortellini cu carne,"10,80 lei",gastro
cutia,"38,99 lei",gastro
salata bulgur cu humus,"8,99 lei",gastro
fasole cu afumatura,"69,99 lei",gastro
bagheta cu muschi afumat,"9,99 lei",gastro
pandispan cu zmeura,"44,99 lei",gastro
snack,"26,99 lei",gastro
california,"25,99 lei",gastro
meniu,"125,00 lei",gastro
somon,"25,99 lei",gastro
miniprajituri,"44,09 lei",cofetarie
miniprajituri asortate auchan,"79,90 lei",cofetarie
mini choux a la creme,"69,99 lei",cofetarie
minitarte asortate cu fructe,"89,89 lei",cofetarie
mini eclere asortate,"80,99 lei",cofetarie
mini savarine,"73,49 lei",cofetarie
prajitura crema de lamaie si unt,"67,69 lei",cofetarie
prajitura cu magiun de prune si bezea,"67,69 lei",cofetarie
prajitura,"9,99 lei",cofetarie
prajitura cu glazura ciocolata neagra,"67,69 lei",cofetarie
savarina,"13,89 lei",cofetarie
prajitura amandina,"9,49 lei",cofetarie
cremsnit,"6,49 lei",cofetarie
platou gogosi,"14,69 lei",cofetarie
ecler cu aroma de ciocolata,"9,99 lei",cofetarie
macarons asortat,"24,00 lei",cofetarie
ecler cu aroma de vanilie,"9,99 lei",cofetarie
ecler cu aroma de fistic,"9,99 lei",cofetarie
rulada diplomat,"10,99 lei",cofetarie
ecler cu aroma de cafea,"9,99 lei",cofetarie
ecler cu aroma de caramel sarat,"9,99 lei",cofetarie
tort,"76,99 lei",cofetarie
tort duo mousse de ciocolata,"88,99 lei",cofetarie
ecler vienez cu aroma de zmeura,"9,99 lei",cofetarie
tort cu zmeura,"88,99 lei",cofetarie
prajitura duo cafea si ciocolata,"9,59 lei",cofetarie
tort diplomat cu fructe,"149,98 lei",cofetarie
tartlette cu fructe,"9,50 lei",cofetarie
prajitura cu crema de vanilie,"18,99 lei",cofetarie
prajitura cu nuca si ciocolata,"9,49 lei",cofetarie
platou fursecuri asortate,"59,99 lei",cofetarie
ecler cu aroma de zmeura,"9,99 lei",cofetarie
tarta mare cu fructe,"49,90 lei",cofetarie
prajitura cu crema de rom,"10,79 lei",cofetarie
fursecuri cu unt si stafide,"59,99 lei",cofetarie
fursecuri cu unt si cacao,"59,99 lei",cofetarie
profiterol la pahar,"13,50 lei",cofetarie
tort cu nuca si ciocolata,"93,49 lei",cofetarie
tort duo cafea si ciocolata,"89,00 lei",cofetarie
prajitura cu zmeura,"9,49 lei",cofetarie
tort profiterol cu aroma de portocale,"89,00 lei",cofetarie
fursecuri cu unt si aroma de vanilie,"59,99 lei",cofetarie
fursecuri cu cocos,"47,99 lei",cofetarie
croissant cu ciocolata si alune,"3,89 lei",panificatie
cozonac cu nuca,"19,49 lei",panificatie
cozonac cu umplutura de nuca,"27,89 lei",panificatie
cozonac cu nuca si cacao,"25,99 lei",panificatie
cozonac,"16,99 lei",panificatie
cozonac cu nuca si cacao insiropat,"34,99 lei",panificatie
cozonac cu cacao,"14,90 lei",panificatie
cozonac de post cu nuca si amarene,"19,99 lei",panificatie
placinta cu mere,"1,99 lei",panificatie
melc cu stafide,"1,89 lei",panificatie
poalen brau,"4,19 lei",panificatie
croissant cu margarina,"8,89 lei",panificatie
cozonac cu crema de cacao si rahat,"11,99 lei",panificatie
cozonac cu crema de nuca si cacao,"11,99 lei",panificatie
saratele cu branza,"19,50 lei",panificatie
aluat pentru foitaj,"9,79 lei",panificatie
foi de placinta,"4,90 lei",panificatie
foi,"12,30 lei",panificatie
pasca,"46,99 lei",panificatie
pastel de,"12,89 lei",panificatie
placinta cu dovleac,"10,80 lei",panificatie
gogosi cu umplutura de ciocolata,"4,29 lei",panificatie
covridog,"3,79 lei",panificatie
chec marmorat,"12,99 lei",panificatie
corn cu marmelada,"3,29 lei",panificatie
mini foietaj cu visine,"18,40 lei",panificatie
mini foietaj cu telemea,"15,60 lei",panificatie
aluat pentru pizza,"5,15 lei",panificatie
covrig insiropat,"8,49 lei",panificatie
mini foietaj cu caise,"18,40 lei",panificatie
gogosi cu umplutura de vanilie,"4,29 lei",panificatie
chec marmorat cu nuca si cacao,"7,99 lei",panificatie
gogosi cu umplutura fructe de padure,"4,29 lei",panificatie
baigli cu nuca,"14,10 lei",panificatie
mini croissant,"15,60 lei",panificatie
felie de cozonac cu nuci si ciocolata,"3,29 lei",panificatie
placinta cu branza,"23,80 lei",panificatie
foietaj cu branza sarata,"1,99 lei",panificatie
cozonac cu crema de nuca si stafide,"12,99 lei",panificatie
foi de placinta fine,"7,95 lei",panificatie
cozonac cu nuca si ciocolata,"21,99 lei",panificatie
placinta cu branza si spanac,"23,80 lei",panificatie
placinta cu branza dulce,"43,99 lei",panificatie
baton,"4,19 lei",panificatie
muffin duo ciocolata,"4,39 lei",panificatie
saleuri cu susan,"34,99 lei",panificatie
baigli cu mac,"18,99 lei",panificatie
cozonac cu mac,"21,99 lei",panificatie
bagheta french,"2,49 lei",panificatie
minirulouri cu branza,"25,10 lei",panificatie
mini pateuri cu carnaciori,"27,40 lei",panificatie
foi de pandispan cu cacao,"11,99 lei",panificatie
miniplacinte,"12,90 lei",panificatie
cozonac cu rahat,"29,99 lei",panificatie
cozonac cu crema de mac,"23,99 lei",panificatie
fulgi pentru piure de cartofi,"2,50 lei",semipreparate
fulgi de cartofi,"2,59 lei",semipreparate
aripi de pui crocante,"14,99 lei",semipreparate
sprot prajit,"8,45 lei",semipreparate
cascaval pane,"14,60 lei",semipreparate
supa instant noodles cu aroma de pui,"2,75 lei",semipreparate
pizza,"14,99 lei",semipreparate
crispy,"14,40 lei",semipreparate
supa instant de ciuperci cu crutoane,"2,95 lei",semipreparate
nuggets de pui,"24,40 lei",semipreparate
cordon bleu de pui,"19,90 lei",semipreparate
lasagna,"22,90 lei",semipreparate
cascaval pane lamasa,"18,09 lei",semipreparate
supa instant de pui cu taitei,"3,15 lei",semipreparate
pui cu taitei,"15,70 lei",semipreparate
supa instant cu branza si crutoane,"3,15 lei",semipreparate
blat pentru pizza,"12,10 lei",semipreparate
mozzarella stick,"11,10 lei",semipreparate
cartofi gratinati cu branza si smantana,"19,90 lei",semipreparate
supa instant de rosii cu taitei,"3,15 lei",semipreparate
placinta rulata cu mere,"14,90 lei",semipreparate
file de pui pe baza de plante,"20,90 lei",semipreparate
gyros cu pui,"16,50 lei",semipreparate
minipateuri cu umplutura din branza telemea,"15,30 lei",semipreparate
burger vegan,"17,40 lei",semipreparate
gujoane din piept de pui,"17,79 lei",semipreparate
pizza salami,"21,00 lei",semipreparate
pizza cu  branzeturi,"14,49 lei",semipreparate
pizza congelata,"19,70 lei",semipreparate
cascaval pane triunghiuri,"19,60 lei",semipreparate
placinta cu umplutura de branza,"27,30 lei",semipreparate
specialitate cu creveti,"17,40 lei",semipreparate
pachetele de primavara,"19,40 lei",semipreparate
placinta rulata cu branza,"14,90 lei",semipreparate
snitel din piept de pui,"23,50 lei",semipreparate
supa instant noodles cu aroma de rosii,"2,75 lei",semipreparate
pui tikka masala,"19,90 lei",semipreparate
falafel vegan,"17,40 lei",semipreparate
pizza congelata cu sunca,"19,70 lei",semipreparate
inele de ceapa pane,"9,95 lei",semipreparate
paella cu pui,"16,50 lei",semipreparate
placinta cu umplutura de mere,"27,30 lei",semipreparate
nuggets din piept de pui,"13,90 lei",semipreparate
piure de cartofi dulci,"8,95 lei",semipreparate
aripi de pui marinate si prajite,"14,99 lei",semipreparate
file de pui cu susan,"15,90 lei",semipreparate
piure de castane,"13,90 lei",semipreparate
granule de fasole instant,"1,99 lei",semipreparate
placinta cu umplutura de branza dulce si stafide,"27,30 lei",semipreparate
falafel cu susan,"19,70 lei",semipreparate
placinta rulata cu dovleac,"14,90 lei",semipreparate
pizza cu sunca si ciuperci,"16,40 lei",semipreparate
mozzarella sticks pane,"21,10 lei",semipreparate
burger vegetal,"16,90 lei",semipreparate
lava,"17,90 lei",semipreparate
risotto cu ciuperci,"17,20 lei",semipreparate
minirulouri cu umplutura din caise,"15,00 lei",semipreparate
galuste cu prune,"15,00 lei",semipreparate
medalion din piept de pui,"25,40 lei",semipreparate
mini pizza cu sunca si branza,"17,10 lei",semipreparate
placinta cu umplutura de dovleac,"27,30 lei",semipreparate
falafel cu susan mini,"19,70 lei",semipreparate
falafel simplu,"18,60 lei",semipreparate
mix oriental,"17,40 lei",semipreparate
minipateuri cu umplutura de ciuperci,"15,70 lei",semipreparate
placinta dobrogeana,"30,99 lei",semipreparate
falafel simplu mini,"18,60 lei",semipreparate
cannelloni cu vita,"22,40 lei",semipreparate
minirulouri congelate cu umplutura din mere,"11,40 lei",semipreparate
paste pennette cu somon afumat,"21,90 lei",semipreparate
pernute cu umplutura din branza,"15,30 lei",semipreparate
macarons,"21,30 lei",semipreparate
strudel cu branza si stafide,"21,70 lei",semipreparate
placinta cu branza si stafide,"33,99 lei",semipreparate
pizza cu sunca,"16,40 lei",semipreparate
tagliatelle cu somon,"17,40 lei",semipreparate
